{"name":"異獄","icon":"allthemodium:other_vibranium_ore","category":"allthemodium:dimensions","sortnum":3,"pages":[{"type":"text","text":"異獄是一個充滿敵對生物的維度。要傳送到這個維度，你必須在地獄中使用$(l:dimensions/teleport_pad)傳送台$(/c)。這個地方鮮為人知，似乎是豬布林的發源地。你能在任何生態域中發現巨大的地下城市，而這些地下城市的地表，通常會被一片樹林所覆蓋。你還能在這個維度中，找到充滿怪物和戰利品的遠古金字塔！"}]}