{"name":"製箭","icon":"minecraft:fletching_table","category":"apotheosis:village/village","flag":"apotheosis:village","sortnum":-1,"pages":[{"type":"patchouli:text","text":"《神化》模組引進了名叫$(9)製箭$()的全新合成類型。$(p)能讓你在製作箭矢上變得更有效率。$(p)除了合成類型之外，還加入了全新的箭矢。"},{"type":"patchouli:spotlight","item":"apotheosis:obsidian_arrow","link_recipe":true,"text":"$(9)黑曜石之箭$()是普通箭矢的直接升級版。$(p)它能使所有遠程攻擊造成 20% 額外傷害。"},{"type":"patchouli:spotlight","item":"apotheosis:broadhead_arrow","anchor":"broadhead","link_recipe":true,"text":"$(9)寬頭之箭$()在持續作戰中，表現最為優秀。$(p)每次命中時，會對目標造成流血效果。每當對著流血的目標額外命中一箭時，都會重新刷新其效果的持續時間，並提高目標身上的流血等級。"},{"type":"patchouli:spotlight","item":"apotheosis:explosive_arrow","link_recipe":true,"text":"$(9)爆炸之箭$()是用來對付群體的最佳方式。$(p)命中目標時，會在該處造成爆炸效果。"},{"type":"patchouli:spotlight","item":"apotheosis:iron_mining_arrow","link_recipe":true,"text":"$(9)鐵製挖掘之箭$()就像是一把飛天鎬子。$(p)被這支箭矢命中的所有方塊，都會像被鐵鎬破壞一樣被挖掘。"},{"type":"patchouli:spotlight","item":"apotheosis:diamond_mining_arrow","link_recipe":true,"text":"$(9)鑽石挖掘之箭$()是一把更好的飛天鎬子！$(p)被這支箭矢命中的所有方塊，都會像被鑽石鎬破壞一樣被挖掘。"}]}