{
  "name": "1) 充電器",
  "category": "ae2:getting_started",
  "icon": "ae2:charger",
  "sortnum": 10,
  "pages": [
    {
      "type": "patchouli:text",
      "text": "$(thing)充電器$() 用於為 $(l:ae2:catalog/chargeable) 各種 AE2 物品 $(/l) 充電，並用於一些工藝。 值得注意的是，它用於製作 $(l:ae2:getting_started/compass)隕石羅盤$(/l) 和 $(thing)充能的賽特斯石英$()。$(br2)這個$(thing)充電器$() 接受 $(l:ae2:concepts/power)網絡電源，大多數外部形式的電源$(/l)，或者可以使用 $(l:ae2:getting_started/crank)木曲柄$(/l) 手動供電。"
    },
    {
      "type": "patchouli:crafting",
      "recipe": "ae2:network/blocks/crystal_processing_charger",
      "text": "它只接受來自其“頂部”或“底部”的 $(thing)能量$() 。 請注意，它可以是 $(l:ae2:equipment/wrench)旋轉的$(/l).$(br2)您可以 [$(k:use)] 將物品放入或取出，或使用 $(item)漏斗$(), $(item)水管$(), $(l:ae2:examples/subnets/pipe)子網絡$() 等。"
    }
  ]
}
