{
  "name": "2) 隕石與羅盤",
  "category": "ae2:getting_started",
  "icon": "ae2:meteorite_compass",
  "sortnum": 20,
  "extra_recipe_mappings": {
    "ae2:mysterious_cube": 0
  },
  "pages": [
    {
      "type": "patchouli:text",
      "text": "$(thing)隕石$() 散落在主世界的表面。 它們在中心包含一些 $(l:ae2:getting_started/certus)賽特斯石英$() 和一個 $(thing)神秘方塊$() 。 它們還包裹在大量的$(item)天堂石$()中。$(br2)這個$(thing)神秘方塊$() 會掉落全部 4 個$(l:ae2:getting_started/inscriber)銘牌$ (/l) 當破損時。"
    },
    {
      "type": "patchouli:spotlight",
      "item": "ae2:meteorite_compass",
      "link_recipe": true,
      "text": "$(thing)隕石羅盤$() 是通過將一個普通的指南針放在 $(l:ae2:getting_started/charger)充電器$(/l).$(br2)這個 $(thing)羅盤$() 分數中製作的 朝向它可以找到的最近的包含 $(thing)神秘方塊$()（因此是隕石）的區塊。$(br2)Slow Spin = 在範圍內找不到任何 $(thing)神秘方塊$()。"
    }
  ]
}
