{
  "name": "木曲柄",
  "category": "ae2:getting_started",
  "icon": "ae2:crank",
  "sortnum": 100,
  "pages": [
    {
      "type": "patchouli:text",
      "text": "$(thing)木曲柄$() 可用於手動操作 $(l:ae2:getting_started/charger)充電器$(/l), $(l:ae2:getting_started/inscriber)銘文$(/l) , 和 $(l:ae2:getting_started/certus#cga)晶體生長加速器$(/l).$(br2)要將 $(thing)曲柄$() 放在 $(thing)充電器$() 上，按住 [$(k:sneak)] 然後按 [$(k:use)]。 $(thing)木曲柄$() 只能放在有效的電源輸入側（通常是頂部或底部）。"
    },
    {
      "type": "patchouli:crafting",
      "recipe": "ae2:network/blocks/crank",
      "text": "物品每回合產生 $(l:ae2:concepts/power)160 AE$()。 在 $(thing)充電器$() 中需要 10 回合才能產生足夠的能量來製作一件物品。$(br2)如果過度使用它可能會損壞。"
    }
  ]
}
