{
  "name": "5) 流體晶體",
  "category": "ae2:getting_started",
  "icon": "ae2:fluix_crystal",
  "sortnum": 50,
  "pages": [
    {
      "type": "patchouli:text",
      "text": "$(thing)流體晶體$() 用於多種配方。 它們是通過將 $(l:ae2:getting_started/charger)帶電流體晶體$(/l)、$(item)紅石$() 和 $(item)石英$() 扔進水池中獲得的。$ (br2)它們可以在$(l:ae2:getting_started/inscriber)銘文$(/l).$(br2)中粉碎成$(thing)流體粉塵$()。$(br2)還有一個方塊形式，它可以 用於升級 $(l:ae2:equipment/quartz_tools#fluix)石英工具$(/l)。"
    },
    {
      "type": "patchouli:spotlight",
      "item": "ae2:fluix_crystal",
      "link_recipe": true
    }
  ]
}
