{
  "name": "3) 銘文",
  "category": "ae2:getting_started",
  "icon": "ae2:inscriber",
  "sortnum": 30,
  "pages": [
    {
      "type": "patchouli:text",
      "text": "$(thing)銘文$() 是 AE2 中常見的製作方法。 它用於製作 $(thing)處理器$() 和某些 $(thing)粉末$()。$(br2)$(thing)銘文$() 接受 $(l:ae2:concepts/power)網絡電源 , 大多數外部形式的電源$(/l), 或者可以使用 $(l:ae2:getting_started/crank)木曲柄$(/l) 手動驅動。$(br2)它是 $(l:ae2:concepts /sided)雙面的$(/l)，並且可以是 $(l:ae2:equipment/wrench)旋轉的$(/l)。"
    },
    {
      "type": "patchouli:crafting",
      "recipe": "ae2:network/blocks/inscribers",
      "text": "默認方向偏向性:$(li)頂部輸入 =“頂部”側$(li)中間輸入=“側面”$(li)底部輸入 =“底部”側$(li)輸出=“邊”$(br)側面：北，東，南，西$(br2)輸入槽中的物品不會堆疊。"
    },
    {
      "type": "patchouli:text",
      "text": "$(thing)銘文$() 有 3 個 $(item)卡升級$() 插槽並且只接受 $(l:ae2:misc/cards/acceleration)加速卡$(/l)。 它們顯著提高了處理速度。$(br2)您將希望自動執行 $(thing)銘文$()。 一個早期的遊戲示例是使用 $(item)漏斗$()。 由於 $(thing)銘文的 $() 偏向性，以及 $(item)漏斗的 $() 有限的交互面，您需要使用 $(l:ae2:equipment 旋轉 $(thing)銘文$() /wrench)石英扳手$(/l)."
    },
    {
      "type": "patchouli:image",
      "images": [
        "ae2:textures/patchouli/images/inscriber_setup.png"
      ],
      "border": true,
      "title": "示例半自動化"
    },
    {
      "type": "patchouli:text",
      "title": "著名食譜",
      "text": "$(todo)<ToDo: Inscriber Recipe Processor. Please use JEI or REI for now>$()$(li)印刷電路和矽$(li)處理器$(li)賽特斯石英粉$(li)流體粉末$(li)終界粉末$(li)天堂石粉 $(li)複製銘牌$(br2)邏輯=金錠$(br)工程= 鑽石$(br)計算=賽特斯石英"
    }
  ]
}
