{
  "name": "比鄰星系",
  "icon": "ad_astra:/textures/painting/alpha_centauri.png",
  "sortnum": 1,
  "category": "ad_astra:the_hot_planets",
  "pages": [
    {
      "type": "patchouli:text",
      "title": "比鄰星系",
      "text": "一旦你找到足夠的耐熱金屬來製作四級火箭，你就可以離開這個星系，進入一個新的星系。你將前往半人馬座的第一個星球是霜原星。霜原星非常寒冷；然而，它擁有氧氣，你能在沒有太空服的情況下活動。"
    },
    {
      "type": "patchouli:text",
      "text": "Ad Astra的進展暫時到此為止。本指南將隨著更多內容的加入而擴展。謝謝你玩《Ad Astra》!"
    }
  ]
}