{
  "name": "燃料",
  "icon": "ad_astra:fuel_bucket",
  "sortnum": 2,
  "category": "ad_astra:the_first_launch",
  "pages": [
    {
      "type": "patchouli:text",
      "text": "即使你製作了火箭，你也還不能飛行。想要飛行，你需要幫火箭裝入燃料。"
    },
    {
      "type": "patchouli:spotlight",
      "title": "獲得燃料",
      "item": "ad_astra:oil_bucket",
      "text": "在海床發現大量噴出的石油。盡可能的多收集石油，因為石油是不可再生的，而且每次發射火箭都需要大量的石油。"
    },
    {
      "type": "patchouli:spotlight",
      "title": "獲得燃料",
      "item": "ad_astra:fuel_bucket",
      "text": "在收集到足夠多的石油後（發射和返回時至少要有六桶），你需要將石油提煉成燃料。要做到這一點，你將需要製作一個燃料精煉廠。給它供電，然後把油放在左邊的槽裡，它就會被提煉成燃料。"
    },
    {
      "type": "patchouli:crafting",
      "title": "燃料精煉機",
      "recipe": "ad_astra:recipes/fuel_refinery",
      "text": "對火箭shift+右鍵，打開它的GUI，然後將三桶燃料放入輸入槽。將另外三桶燃料放入火箭的庫存中，進行回程。"
    }
  ]
}