{
  "name": "準備發射",
  "icon": "ad_astra:tier_1_rocket",
  "sortnum": 4,
  "category": "ad_astra:the_first_launch",
  "pages": [
    {
      "type": "patchouli:text",
      "text": "$(#ff0000)請非常仔細地執行這些步驟！ $()沒有仔細進行的話，最糟的情況可能會讓你無法回到地球!$(br2)為了從月球返回地球，你需要兩個基本的東西：一個發射台和三桶燃料。"
    },
    {
      "type": "patchouli:text",
      "text": "把這些物品放入火箭的儲存倉中，並確認每次發射時都會有這些東西。你應該戴上多個灌滿氧氣的氧氣瓶、豐盛的食物、靈魂或螢石火把以及武器和工具。一旦你有了這些，你就可以發射了! 進入火箭，按$(k:jump)!"
    }
  ]
}