{
  "name": "你的第一台火箭",
  "icon": "ad_astra:nasa_workbench",
  "sortnum": 0,
  "category": "ad_astra:the_first_launch",
  "pages": [
    {
      "type": "patchouli:spotlight",
      "title": "NASA工作台",
      "item": "ad_astra:nasa_workbench",
      "text": "為了製造火箭，你必須首先收集所有的零件：鼻錐、板材、尾翼、油箱和引擎。然後你可以在NASA工作台上製作火箭，這是一個專門為火箭設計的工作台。"
    },
    {
      "type": "patchouli:crafting",
      "title": "NASA工作台",
      "recipe": "ad_astra:recipes/nasa_workbench"
    },
    {
      "type": "multiblock",
      "multiblock": {
        "pattern": [
          [
            "   ",
            " 0 ",
            "   "
          ]
        ],
        "mapping": {
          "0": "ad_astra:launch_pad"
        },
        "symmetrical": true
      },
      "text": "為了放置你製作的火箭，你必須製作一個發射台。"
    },
    {
      "type": "patchouli:crafting",
      "title": "發射台",
      "recipe": "ad_astra:recipes/launch_pad",
      "text": "發射台建好後，把火箭放在中間。"
    }
  ]
}