{
  "name": "記憶卡",
  "icon": "advancedperipherals:memory_card",
  "category": "高級外設：物品",
  "pages": [
    {
      "type": "text",
      "text": "$(9)$(l:items/ar_goggles)AR Goggles$(/l)$() 可以與 $(9)$(l:peripherals/inventory_manager)Inventory Manager$(/l)$ 結合使用() 與玩家的庫存進行通信。$(p)右鍵單擊手中的存儲卡將其分配給自己。$(p)有關完整文檔，請參閱 $(9)$(l:https:// docs.srendi.de/items/ar_goggles/)官方維基頁面$(/l)$()！"
    },
    {
      "type": "crafting",
      "recipe": "\n高級外設：memory_card"
    }
  ]
}
