{
  "name": "更好的燃料",
  "icon": "ad_astra:cryo_freezer",
  "sortnum": 3,
  "category": "ad_astra:surviving_mars",
  "pages": [
    {
      "type": "patchouli:spotlight",
      "title": "低溫冷凍器",
      "item": "ad_astra:cryo_freezer",
      "text": "燃料是很難取得的;你需要前往海洋，尋找油田。低溫冷凍器引入了一種新的方式來獲得更好的燃料--低溫燃料。低溫燃料比精煉燃料更好用，只需一桶就能發射火箭。"
    },
    {
      "type": "patchouli:text",
      "text": "他是透過收集冰晶製作而成的。冰晶是在寒冷星球地底的一種礦石。把冰晶放入低溫冷凍器中，它將轉化為25MB的低溫燃料。你也可以把冰、冰磚、和藍冰轉化成燃料。你需要製作至少兩桶(一桶用於出發、另一桶用於回程)，把它灌進火箭燃料槽中。"
    },
    {
      "type": "patchouli:crafting",
      "recipe": "ad_astra:recipes/cryo_freezer"
    },
    {
      "type": "patchouli:spotlight",
      "title": "低溫燃油",
      "item": "ad_astra:cryo_fuel_bucket",
      "text": "除了是一種優秀的燃料外，低溫燃料還有一些特性。如果把物品丟到燃料中，物品會被銷毀，就跟熔岩一樣。他可以放置在太空跟地獄中而且不會被蒸發掉。而且他可以讓水結凍，可以擁有無限的冰。"
    }
  ]
}