{
  "name": "能源站",
  "icon": "ad_astra:energizer",
  "sortnum": 2,
  "category": "ad_astra:surviving_mars",
  "pages": [
    {
      "type": "patchouli:spotlight",
      "title": "能源站",
      "item": "ad_astra:energizer",
      "text": "能源站是一種能夠為物品充電並儲存大量能量的機器。要給一個物品充電，就要給能量器供電，然後用該物品右鍵點擊能源站。它能儲存200萬的能量，使它能夠為機器充電很長時間。它在物品型態時時也能保留其能量。"
    },
    {
      "type": "patchouli:crafting",
      "recipe": "ad_astra:recipes/energizer"
    }
  ]
}