{
  "name": "Trophies",
  "icon": "ad_astra:mars_globe",
  "sortnum": 0,
  "category": "ad_astra:surviving_mars",
  "pages": [
    {
      "type": "patchouli:spotlight",
      "title": "地球儀",
      "item": "ad_astra:earth_globe",
      "text": "地球儀是在地下城探險結束時作為獎勵的獎杯。它沒有任何實際功能，而是一種裝飾方塊。它們可以通過右擊來旋轉，或者在紅石的驅動下可以永遠旋轉。"
    },
    {
      "type": "patchouli:spotlight",
      "title": "宇宙繪畫",
      "item": "ad_astra:space_painting",
      "text": "太空繪畫可以在地牢的箱子裡找到。它們的作用與普通畫作完全相同，但只放置本模組的畫作。你有14幅的畫要找。"
    }
  ]
}