{
  "name": "金星和水星",
  "icon": "ad_astra:/textures/sky/venus.png",
  "sortnum": 5,
  "category": "ad_astra:surviving_mars",
  "pages": [
    {
      "type": "patchouli:spotlight",
      "title": "耐熱金屬",
      "item": "ad_astra:calorite_ingot",
      "text": "一旦你有足夠的紫金來製作一套完整的獄髓太空服和第三級火箭的所有部件，你就可以前往金星和水星。請注意，如果你進入這些星球時沒有獄髓太空服或抗火，你會死得很快。你尋找的下一種材料是耐熱金屬。"
    },
    {
      "type": "patchouli:text",
      "text": "耐熱金屬被用來製作能夠前往新太陽系的終極火箭。"
    }
  ]
}