{"name":"ATM 金屬盔甲","icon":"allthemodium:allthemodium_chestplate","category":"allthemodium:armour","sortnum":1,"pages":[{"type":"text","text":"ATM 盔甲除了提供盔甲強度和抗擊退外，還額外提供一些好處：$(li)水下呼吸$(li)免疫穿戴鞘翅飛行時的撞擊傷害$(li)免疫來自火焰及熔岩的傷害$(li)免疫摔落傷害"},{"type":"smithing","recipe":"allthemodium:smithing/allthemodium_helmet_smithing"},{"type":"smithing","recipe":"allthemodium:smithing/allthemodium_chestplate_smithing"},{"type":"smithing","recipe":"allthemodium:smithing/allthemodium_leggings_smithing"},{"type":"smithing","recipe":"allthemodium:smithing/allthemodium_boots_smithing"}]}