{"name":"寶石粉","icon":"apotheosis:gem_dust","category":"apotheosis:adventure/affix_loot","flag":"apotheosis:adventure","sortnum":2,"pages":[{"type":"patchouli:spotlight","item":"apotheosis:gem_dust","link_recipe":true,"text":"所有種類的神化寶石，都能夠被粉碎處理成$(9)寶石粉$()。$(p)其中一種方法，是在世界上使用墜落的鐵砧將其粉碎。"},{"type":"patchouli:crafting","recipe":"apotheosis:salvaging_table","title":"分解寶石","text":"一旦你透過鐵砧粉碎了幾顆寶石後，你將可以製作並使用$(9)分解台$()。"}]}