{"name":"稀有度","icon":"minecraft:nether_star","category":"apotheosis:adventure/affix_loot","flag":"apotheosis:adventure","sortnum":0,"pages":[{"type":"patchouli:text","text":"每件詞綴物品都有其對應的$(9)稀有度$()。稀有度將決定該物品的強度，以及可套用的詞綴類型。$(p)總之稀有度越高，能力一定比前一級稀有度的物品還要更好。"},{"type":"patchouli:text","title":"普通","text":"$(#808080)普通$()稀有度是最基礎且普遍的詞綴物品類型。該稀有度下的裝備都至少具有一個狀態增益，運氣好點有機會找到有兩個的。"},{"type":"patchouli:text","title":"罕見","text":"$(#33FF33)罕見$()較普通高了一級稀有度，但仍然不會獲得任何獨特的效果。該稀有度下的裝備都至少具有兩個狀態增益，運氣好點有機會找到有三個的。$(p)有一定機率刻有一個寶石鑲嵌槽。"},{"type":"patchouli:text","title":"稀有","text":"$(#5555FF)稀有$()開始的詞綴將開始變得閃閃動人。該稀有度下的裝備都至少具有三個狀態增益和一種特別的效果，運氣好點效果甚至會有兩種。$(p)有一定機率刻有一個寶石鑲嵌槽，並必定帶有些許的耐久度增益。"},{"type":"patchouli:text","title":"史詩","text":"$(#BB00BB)史詩$()物品處於風口浪尖上。該稀有度下的裝備都至少具有三個狀態增益和一種特別的效果，運氣好點甚至會找到具有四個狀態和兩種特別效果的。$(p)有一定機率刻有兩個寶石鑲嵌槽，並帶有較顯著的耐久度增益。"},{"type":"patchouli:text","title":"神話","text":"$(#ED7014)神話$()物品是由一位失落的王國工匠，千錘百鍊鑄造而成。該稀有度下的裝備都至少具有四個狀態增益和兩種特別的效果，運氣好點甚至會找到特別效果有三種和刻有三個寶石鑲嵌槽的。$(p)他們同樣帶有可觀的耐久度增益。"}]}