{"name":"重鑄","icon":"apotheosis:reforging_table","category":"apotheosis:adventure/affix_loot","flag":"apotheosis:adventure","sortnum":4,"pages":[{"type":"patchouli:text","text":"有了$(9)稀有度材料$()的未開發潛能以及$(9)寶石粉$()的多用性，現在為物品重鑄上新的詞綴已經成為了可能。$(p)重鑄並不限於已經刻有詞綴的物品，任何有效的物品也都能接受重鑄。"},{"type":"patchouli:crafting","recipe":"apotheosis:simple_reforging_table","text":"要開始進行重鑄，你需要先製作$(#5555FF)簡易重鑄台$()，這個版本的重鑄台最高能讓你將物品重鑄為$(#5555FF)稀有$()等級。"},{"type":"patchouli:text","title":"輸入欄位","text":"重鑄台介面上共有三種輸入欄位。$(p)正中間的欄位要放上你想要重鑄的物品。$(p)左上方的欄位放入$(9)稀有度材料$()，物品將會重鑄為該稀有度等級。"},{"type":"patchouli:crafting","recipe":"apotheosis:sigil_of_rebirth","title":"輸入欄位","text":"右下角的欄位則用來放入$(9)重生咒符$()，這是重鑄物品所需要的獨特材料。"},{"type":"patchouli:text","title":"重鑄","text":"與附魔台類似，重鑄物品時會提供你 3 種重鑄選項。$(p)每種選擇都代表著重鑄物品的潛在新形式。$(p)沒有所謂最好的選擇，只有適不適合你的。"},{"type":"patchouli:text","title":"重鑄","text":"每個稀有度都有其對應的經驗、咒符，以及材料基礎成本。另外 2 個重鑄選項，分別會收取雙倍和三倍的基礎成本。$(p)要重鑄你的物品，只需點下最合你意的選擇。"},{"type":"patchouli:crafting","recipe":"apotheosis:reforging_table","text":"若要將物品重鑄為$(#BB00BB)史詩$()或以上的稀有度，你會需要將你的$(#5555FF)簡易重鑄台$()升級至$(#BB00BB)重鑄台$()。"},{"type":"patchouli:text","title":"備註","text":"未附加詞綴的物品可以被重鑄。$(p)物品可以被重鑄多次。$(p)模組包可以變更重鑄成本，或是禁止玩家重鑄出特定稀有度的物品。"}]}