{
  "name": "分裂倉簡介",
  "icon": "alchemistry:fission_chamber_controller",
  "category": "alchemistry:reactor_category",
  "sortnum": 1,
  "pages": [
    {
      "type": "text",
      "text": "裂變反應堆允許您分裂將元素結合在一起的結構。 除氫以外的所有元素都可以用裂變多方塊分裂。 參見 JEI 的食譜。$(br2)$(o)來自 Warren 教授的筆記：從揮發性火焰中掉落的棒激發了我製造一台新機器的靈感。$()$(br2)裂變反應堆是一個 5x5x5 立方體結構， 以反應堆外殼的天花板、地板和角柱為特色。 中央是三個裂變核心塊。 壁填充在反應器外殼或反應器玻璃中。 該室是完全惰性的，但沒有裂變室控制器、能量輸入和物品輸入/輸出塊。"
    },
    {
      "type": "crafting",
      "recipe": "alchemistry:fission_chamber_controller",
      "text": "雖然不是核心，但腔室控制器是裂變反應堆的核心。 這台機器控制著核心中發生的一切。 它需要電源並且可以有一個項目輸入和輸出。"
    },
    {
      "type": "crafting",
      "recipe": "alchemistry:fission_core",
      "text": "核心及其周圍的空氣是裂變發生的地方。 項目被放置在核心內，然後原子被分裂，留下元素用於您的實驗。"
    }
  ]
}