{
  "name": "融合倉簡介",
  "icon": "alchemistry:fusion_chamber_controller",
  "category": "alchemistry:reactor_category",
  "sortnum": 3,
  "pages": [
    {
      "type": "text",
      "text": "聚變反應堆允許您將兩種元素融合在一起以建立新元素。 輸出將由兩個輸入的原子序數之和決定。 參見 JEI 的食譜。$(br2)$(o)來自 Warren 教授的筆記：聚變需要使用一顆恆星，而一些元素只能在下界深處找到。 使用這些對裂變反應堆組件進行一些更改，我得到了一個更強大的反應堆，能夠將兩種元素融合成一個元素，其原子序數之和。 通過仔細應用裂變和聚變，我現在幾乎可以將任何元素變成任何其他元素。"
    },
    {
      "type": "crafting",
      "recipe": "alchemistry:fusion_chamber_controller",
      "text": "聚變室核心控制著將元素粉碎在一起的過程。 它需要電源並且可以有一個項目輸入和輸出。"
    },
    {
      "type": "crafting",
      "recipe": "alchemistry:fusion_core",
      "text": "二合一的地方； 在反應堆堆芯和周圍空氣中。 項目被放置在核心內並高速撞擊在一起，將較小的元素合併成較大的元素以供您進行其他實驗。"
    }
  ]
}