{
  "advancement": "aoa3:abyss/root",
  "category": "aoa3:abyss",
  "icon": "",
  "name": "礦物",
  "pages": [
    {
      "type": "patchouli:text",
      "text": "如果你想待在地下，以躲避地面的生物，那你會很慶幸，因為在$(thing)深淵$()，你至少還可以挖一種血紅色的礦物來讓自己有事做。",
      "title": "礦物"
    },
    {
      "type": "patchouli:text",
      "text": "$(thing)血石礦$()可以用鎬子來採集，會掉落$(thing)血之石$()和一些經驗。$(br2)$(thing)血之石$()可以在深淵地底的任何地方找到，可以用於製造盔甲或武器。"
    }
  ],
  "sortnum": 2
}