{
  "advancement": "aoa3:abyss/root",
  "category": "aoa3:abyss",
  "icon": "",
  "name": "居民",
  "pages": [
    {
      "type": "patchouli:text",
      "text": "躲藏在暗處的是許多可怕、飢餓的生物。美中生物都有不同的能力，在旅行前一定要做好準備。",
      "title": "生物"
    },
    {
      "type": "patchouli:spotlight",
      "item": "aoa3:nightmare_flakes",
      "text": "$(thing)深淵$() 中的所有敵對生物都可以掉落 $(thing)噩夢薄片$()。 該物品用於大多數深淵物品製作和灌注，所以不要把這些掉落物遺留在原地！",
      "title": "噩夢薄片"
    },
    {
      "type": "patchouli:entity",
      "entity": "aoa3:anemia",
      "offset": "1.2",
      "scale": "0.692",
      "text": "在 $(l:https://adventofascension.fandom.com/wiki/Anemia)官方Wiki$(/l) 上閱讀有關 $(thing)嗜血轟炸機$() 的更多訊息。"
    },
    {
      "type": "patchouli:entity",
      "entity": "aoa3:apparition",
      "text": "在 $(l:https://adventofascension.fandom.com/wiki/Anemia)官方Wiki$(/l) 上閱讀有關 $(thing)幽魔$() 的更多訊息。"
    },
    {
      "type": "patchouli:entity",
      "entity": "aoa3:bloodsucker",
      "scale": "0.52",
      "text": "在 $(l:https://adventofascension.fandom.com/wiki/Anemia)官方Wiki$(/l) 上閱讀有關 $(thing)血之吮吸者$() 的更多訊息。"
    },
    {
      "type": "patchouli:entity",
      "entity": "aoa3:distorter",
      "text": "在 $(l:https://adventofascension.fandom.com/wiki/Anemia)官方Wiki$(/l) 上閱讀有關 $(thing)失真$() 的更多訊息。"
    },
    {
      "type": "patchouli:entity",
      "entity": "aoa3:fiend",
      "text": "在 $(l:https://adventofascension.fandom.com/wiki/Anemia)官方Wiki$(/l) 上閱讀有關 $(thing)狂魔$() 的更多訊息。"
    },
    {
      "type": "patchouli:entity",
      "entity": "aoa3:flesh_eater",
      "text": "在 $(l:https://adventofascension.fandom.com/wiki/Anemia)官方Wiki$(/l) 上閱讀有關 $(thing)嗜肉魔$() 的更多訊息。"
    },
    {
      "type": "patchouli:entity",
      "entity": "aoa3:jawe",
      "scale": "0.625",
      "text": "在 $(l:https://adventofascension.fandom.com/wiki/Anemia)官方Wiki$(/l) 上閱讀有關 $(thing)深淵蹣跚者$() 的更多訊息。"
    },
    {
      "type": "patchouli:entity",
      "entity": "aoa3:occulent",
      "text": "在 $(l:https://adventofascension.fandom.com/wiki/Anemia)官方Wiki$(/l) 上閱讀有關 $(thing)狂視$() 的更多訊息。"
    },
    {
      "type": "patchouli:entity",
      "entity": "aoa3:web_reaper",
      "scale": "0.802",
      "text": "在 $(l:https://adventofascension.fandom.com/wiki/Anemia)官方Wiki$(/l) 上閱讀有關 $(thing)強能蛛網收割者$() 的更多訊息。"
    },
    {
      "type": "patchouli:text",
      "text": "充滿著敵意的 $(thing)深淵$() 並不是特別吸引人，但仍有一些和平的居民在這片土地上漫遊。",
      "title": "NPCs"
    },
    {
      "type": "patchouli:entity",
      "entity": "aoa3:lottoman",
      "scale": "0.875",
      "text": "在 $(l:https://adventofascension.fandom.com/wiki/Anemia)官方Wiki$(/l) 上閱讀有關 $(thing)樂透兌換人$() 的更多訊息。"
    },
    {
      "type": "patchouli:entity",
      "entity": "aoa3:undead_herald",
      "text": "在 $(l:https://adventofascension.fandom.com/wiki/Anemia)官方Wiki$(/l) 上閱讀有關 $(thing)不死使者$() 的更多訊息。"
    },
    {
      "type": "patchouli:text",
      "text": "黑暗中真正的恐怖，$(thing)深淵$() 是兩個可怕的怪物的家園，隨時準備奪走另一個受害者。",
      "title": "Boss"
    },
    {
      "type": "patchouli:spotlight",
      "item": "aoa3:book_of_shadows",
      "text": "這本從被賦予力量的 $(thing)蛛網收割者$() 獲得的影之書可用於在$(l:aoa3:abyss_structures#shadowlord_platform)暗影領主平台$(/l)上的 $(thing)暗影領主祭壇$()召喚$(thing)暗影領主$()。",
      "title": "影之書"
    },
    {
      "type": "patchouli:spotlight",
      "item": "aoa3:staring_eye",
      "text": "從$(thing)深淵$() 周圍的紅眼觸手獲得的凝視之眼，如果在$(l:aoa3:abyss_structures#illusion_tree)幻覺樹$(/l)中的$(thing)幻覺祭壇$()上使用，可以召喚$(thing)虛影$()。",
      "title": "凝視之眼"
    }
  ],
  "sortnum": 4
}