{
  "category": "aoa3:advent_gui",
  "icon": "minecraft:zombie_head",
  "name": "動物寓言標籤",
  "pages": [
    {
      "type": "patchouli:text",
      "anchor": "bestiary_tab",
      "text": "$(thing)動物寓言標籤$() 是怪物收藏家的歸宿！ 每次您殺死一個生物時，它都會被新增到動物寓言中，並提供其統計數據和其他信息。 全部收集起來！",
      "title": "動物寓言標籤"
    },
    {
      "type": "patchouli:text",
      "text": "該選項卡將列出您之前殺死的每個可用生物，以及您殺死的數量的計數器，以及它殺死您的次數。$(br2)單擊一個條目可將其展開到更大的視圖 有更多細節，包括生物的分類、統計數據和其他相關信息。 有些生物也可能有一些知識文本可供閱讀！"
    },
    {
      "type": "patchouli:text",
      "text": "如果您的 $(thing)動物寓言$() 中有很多可用的生物並且想要查找特定的生物，您可以使用選項卡頂部的搜索欄來縮小列表範圍。"
    }
  ],
  "sortnum": 2
}