{
  "category": "aoa3:advent_gui",
  "icon": "minecraft:written_book",
  "name": "絕殺標籤",
  "pages": [
    {
      "type": "patchouli:text",
      "anchor": "lore_tab",
      "text": "只有安裝了 $(thing)Patchouli$() 才能訪問，$(thing)lore 選項卡$() 可以訪問之前打開的任何 $(aoa) $(thing)Patchouli$() 書籍。",
      "title": "訊息標籤"
    },
    {
      "type": "patchouli:text",
      "text": "默認情況下，該選項卡應始終顯示 $(thing)AoA Essentia$() 書籍，當您找到更多書籍時會出現更多書籍。$(br2)您可以通過單擊打開任何可用的書籍，即使您沒有 把它放在你的庫存中。 如果您還沒有，也可以將其拖出 GUI 給自己一個新的副本！"
    }
  ],
  "sortnum": 3
}