{
  "category": "aoa3:advent_gui",
  "icon": "minecraft:filled_map",
  "name": "主視窗",
  "pages": [
    {
      "type": "patchouli:text",
      "anchor": "advent_gui",
      "text": "作為 $(aoa) 的主要 GUI，$(thing)出現圖形用戶界面$() 是您可以找到大多數遊戲內信息和模組本身實用程序的地方。",
      "title": "主視窗"
    },
    {
      "type": "patchouli:text",
      "text": "在視窗的頂部，模組的目前版本顯示在徽標的左下角。 如果模組檢測到更新可用，它還會在同一位置顯示閃爍通知。$(br2)螢幕左側是可用選項卡 - 單擊一個會將 GUI 的最大部分更改為 該選項卡的內容。"
    }
  ],
  "sortnum": 0
}