{
  "category": "aoa3:advent_gui",
  "icon": "minecraft:structure_block",
  "name": "幫助標籤",
  "pages": [
    {
      "type": "patchouli:text",
      "anchor": "help_tab",
      "text": "$(thing)出現圖形用戶界面$() 的 $(thing)幫助標籤$() 是列表中的最後一個選項卡，可通過左側面板菜單底部的按鈕訪問。",
      "title": "幫助標籤"
    },
    {
      "type": "patchouli:text",
      "text": "該選項卡包含一個簡短的文本部分，提供有關模組的一些有用信息、一些指向與模組相關的站點的重要鏈接、一個主題選擇器和一個隨機選擇的提示，每次打開選項卡時都會更改。$(br2)改變通過主題選擇器選擇的主題會改變整個 GUI 的主題，並且會在遊戲重啟時保存。"
    }
  ],
  "sortnum": 5
}