{
  "category": "aoa3:weapons",
  "icon": "minecraft:bow",
  "name": "弓",
  "pages": [
    {
      "type": "patchouli:text",
      "anchor": "弓",
      "text": "在$(thing)Minecraft$()中，$(thing)弓$()是增加戰鬥靈活性的最簡單方式。$(br)由於射擊需要短至中等的拉弓時間，您可以以高速發射$(thing)箭矢$()，從遠處擊中目標。$(br2)請注意，不同的弓具有不同的拉弓時間。",
      "title": "弓"
    },
    {
      "type": "patchouli:text",
      "text": "儘管所有的$(thing)弓$()在大多數情況下都具有相同的功能，但重要的是要注意，每種$(thing)弓$()都有其自己略微不同的特點。$(br2)一些$(thing)弓$()的繫箭時間可能較長或較短，而一些弓射出的$(thing)箭矢$()可能較短或較遠。"
    },
    {
      "type": "patchouli:spotlight",
      "item": "aoa3:alacrity_bow",
      "text": "$(thing)弓$()提供遠程戰鬥的靈活性，只需付出低廉的彈藥代價。",
      "title": "一把弓"
    },
    {
      "type": "patchouli:link",
      "link_text": "AoA Wiki",
      "text": "在$(aoa)的$(thing)官方維基$()上可以找到所有$(thing)弓$()的相關資訊。",
      "title": "了解詳情",
      "url": "https://adventofascension.fandom.com/wiki/Bows"
    }
  ],
  "sortnum": 3
}