{
  "category": "aoa3:weapons",
  "icon": "minecraft:crossbow",
  "name": "弩",
  "pages": [
    {
      "type": "patchouli:text",
      "anchor": "弩",
      "text": "和$(l:aoa3:bows#bows)弓$(/l)一樣，弩能夠射出$(thing)箭矢$()以製造範圍傷害。$(thing)弩$()的運作需要一點時間預先載入箭矢，直到$(thing)箭矢$()已被裝載入彈匣中。$(br2)一旦你準備好了發射，$(thing)弩$()就會立即射出$(thing)箭矢$()，與$(l:aoa3:bows#bows)弓$(/l)相似地發射。",
      "title": "弩"
    },
    {
      "type": "patchouli:text",
      "text": "關於 $(thing)弩$() 沒什麼好說的。 它們造成與 $(l:aoa3:bows#bows)弓$(/l) 相同類型的傷害，使用相同的彈藥，並且以類似的方式使用。$(br2)主要區別在於弩允許 您可以在需要之前準備好射擊，從而騰出時間對任何威脅做出快速反應。"
    },
    {
      "type": "patchouli:spotlight",
      "item": "aoa3:trolls_crossbow",
      "text": "身旁有 $(thing)弩$() 的力量，感覺自己像個真正的射手。",
      "title": "弩弓"
    },
    {
      "type": "patchouli:link",
      "link_text": "AoA Wiki",
      "text": "在 $(thing)官方Wiki$() 中查找有關 $(aoa) 中所有 $(thing)弩$() 的信息。",
      "title": "了解詳情",
      "url": "https://adventofascension.fandom.com/wiki/Crossbows"
    }
  ],
  "sortnum": 4
}