{
  "category": "aoa3:extraction",
  "icon": "aoa3:small_skill_crystal",
  "name": "訓練方法",
  "pages": [
    {
      "type": "patchouli:text",
      "text": "$(thing)萃取$() 是一項非常簡單的訓練技能，您可以通過正常的遊戲時間輕鬆地被動訓練它。$(br)以下操作是訓練 $(thing) 的主要方法 提取$():$(br)1。 收穫自然生成的方塊$(br)2。 在熔爐中熔煉礦石",
      "title": "訓練方法"
    },
    {
      "type": "patchouli:text",
      "text": "自然生成的方塊包括沙子、礫石、石頭、原木、草、泥土、地獄岩、黑曜石等。$(br)從任何給定方塊中開採獲得的 XP 可能會有所不同，因此簡單地開採一堆容易接近的方塊，比如石頭，可能不是最好的主意。"
    },
    {
      "type": "patchouli:text",
      "text": "通過在熔爐中熔煉物品獲得 XP 是訓練 $(thing)提煉$() 的另一種好方法。 項目提供不同數量的 XP，因此嘗試可用的選項可能是值得的。$(br2)高爐等熔爐替代品也應計入 XP"
    }
  ],
  "sortnum": 0
}