{
  "category": "aoa3:extraction",
  "icon": "aoa3:helm_of_the_treasurer",
  "name": "寶藏頭盔",
  "pages": [
    {
      "type": "patchouli:text",
      "text": "達到 100 級 $(thing)萃取$() 後，您可以佩戴 $(thing)寶藏$() 頭盔。$(br)頭盔不可破壞，提供鑽石等級的統計數據，並授予 50% 磨損時獲得的所有 $(thing)萃取$() xp 的獎勵。$(br2)在 1000 級時，它獲得了精美的改進外觀。",
      "title": "寶藏頭盔"
    }
  ],
  "sortnum": 2
}