{
  "category": "aoa3:farming",
  "icon": "aoa3:small_skill_crystal",
  "name": "訓練方法",
  "pages": [
    {
      "type": "patchouli:text",
      "text": "$(thing)農耕$() 訓練起來相當簡單； 只有兩種主要的訓練方法：$(br)1。 收穫完全成熟的作物$(br)2。 繁殖動物$(br2)作物只有在完全生長時收穫才會給予 xp，所以試圖早點抓住它們是行不通的",
      "title": "訓練方法"
    },
    {
      "type": "patchouli:text",
      "text": "一旦你達到足夠高的水平，你可能還會開始看到 $(thing)樹精精靈$() 在你收割時出現。$(br)注意它們的顏色，並在它們上使用正確類型的鋤頭 讓他們開心，他們會用一些 $(thing)農耕$() 來祝福你"
    },
    {
      "type": "patchouli:text",
      "text": "利用你的各種 $(thing)農耕$() 能力也會給你一些經驗。$(br2)當你繼續提高你的 $(thing)農耕$() 技能時，你會開始注意到你的莊稼會自動重新種植 為你，更快地重新生長以獲得更快的收穫。 這將使您的訓練和收割更加有效！"
    }
  ],
  "sortnum": 0
}