{
  "category": "aoa3:guides",
  "icon": "minecraft:wooden_sword",
  "name": "入門",
  "pages": [
    {
      "type": "patchouli:text",
      "text": "歡迎來到$(aoa)！$(br2)這個模組是一個不同尋常的大型模組，其覆蓋了Minecraft的大量區域——所以有一點容易迷失在其中。但不用擔心！這裏有一些東西能幫助你開始游玩此模組。",
      "title": "入門指南"
    },
    {
      "type": "patchouli:text",
      "text": "首先，你會想先去尋找一個避難所。主世界可能會變得很危險，所以擁有一個能恢復狀態的地點非常重要。$(br)最好的方法就是合成一把稿子并挖掘進入一座山中，或者進入地下。挖出一個小洞然后再外面做標記，這樣你就會之傲你能在哪裏找到它。"
    },
    {
      "type": "patchouli:text",
      "text": "在那裏，你可能會想要用一點時間去收集一些資源，你便不會飢餓，并且用一些基本的盔甲和武器裝備自己。但是，一定要小心！$(br2)一旦你准備好了外出，你可能會想去非常深的地底而開始在周遭挖掘一些被$(l:aoa3:getting_started#corrupted_traveller)腐敗的旅行者$(/l)守衛的傳送遺跡。"
    },
    {
      "type": "patchouli:text",
      "text": "解救他，他就會給予你一些物品以繼續你的旅程。$(br2)當你到了那裏時，清除一些$(thing)古老的石頭$()備用。\n翻譯：iamxiazhi"
    },
    {
      "type": "patchouli:image",
      "anchor": "ruined_teleporter_frame",
      "images": [
        "aoa3:patchouli/images/structures/ruined_teleporter_frame.png"
      ],
      "text": "傳送遺跡在很深的地底生成，近乎世界的底部。",
      "title": "傳送遺跡"
    },
    {
      "type": "patchouli:entity",
      "anchor": "corrupted_traveller",
      "entity": "aoa3:corrupted_traveller",
      "text": "腐爛的旅行者能夠在$(l:aoa3:getting_started#ruined_teleporter_frame)傳送遺跡$(/l)被發現。他們是被拴著的，不能離開。"
    }
  ],
  "sortnum": 1
}