{"name":"流血","icon":"apotheosis:textures/mob_effect/bleeding.png","category":"apotheosis:potion/effects","flag":"apotheosis:potion","sortnum":1,"pages":[{"type":"patchouli:text","text":"$(c)流血$()是一種由$(l:apotheosis:village/fletching#broadhead)寬頭之箭$()造成的負面效果。$(p)這效果會讓你每 2 秒受到一次流血傷害。"},{"type":"patchouli:text","text":"傷害會隨$(c)流血$()等級提高而增加。$(p)$(c)流血$()效果所造成的傷害會無視盔甲值。"}]}