{
  "name": "化學合成機",
  "icon": "alchemistry:combiner",
  "category": "alchemistry:combiner_category",
  "pages": [
    {
      "type": "text",
      "text": "化學合成器是一種動力機器，也許是煉金術中最重要的機器。 它允許您組合元素、化合物和偶爾的其他項目以形成新項目。 組合器最多可容納 4 個輸入項目，類似於 2x2 工藝網格，但與工藝網格不同，它允許每個輸入槽在每個工藝中包含多個項目。$(br2)$(o)來自沃倫教授的筆記：壓實器是 一切都很好，但相當簡單。 我對我可以用這些組件做什麼很感興趣。 憑藉鑽石的聚焦能力和黑曜石的抗性，我可以使用活塞將這些組件強制放入更複雜的物品中。"
    },
    {
      "type": "crafting",
      "recipe": "alchemistry:combiner",
      "text": "雖然組合器非常強大，但它也很容易使用。 首先，在合成器螢幕中選擇您想要製作的物品，或使用 JEI 傳輸配方。"
    }
  ]
}