{
  "name": "Colony integrator",
  "icon": "advancedperipherals:colony_integrator",
  "category": "advancedperipherals:peripherals",
  "pages": [
    {
      "type": "text",
      "text": "The colony integrator can interact with a colony from MineColonies..$(p)For the full documentation please see the $(9)$(l:https://docs.srendi.de/peripherals/colony_integrator/)official wiki page$(/l)$()!"
    },
    {
      "type": "crafting",
      "recipe": "advancedperipherals:colony_integrator"
    },
    {
      "type": "multiblock",
      "multiblock": {
        "mapping": {
          "0": "computercraft:computer_advanced",
          "P": "advancedperipherals:colony_integrator"
        },
        "pattern": [
          [
            "0P"
          ]
        ]
      },
      "text": "Connect your Colony integrator to a computer in area of village to make use of it!"
    }
  ]
}
