{
  "name": "化學壓實機",
  "icon": "alchemistry:compactor",
  "category": "alchemistry:compactor_category",
  "pages": [
    {
      "type": "text",
      "text": "壓實機是一種動力機器，可讓您通過壓實組件來形成簡單的物品。$(br2)$(o)摘自 Warren 教授的筆記：原子操作的最簡單形式是將一種元素或化合物組裝成更方便的形式： 灰塵等等。 更多的活塞，一切都擠在一起。"
    },
    {
      "type": "crafting",
      "recipe": "alchemistry:compactor"
    }
  ]
}