{"name":"盔甲強度","icon":"minecraft:netherite_chestplate","category":"apotheosis:adventure/attributes","flag":"apotheosis:adventure","sortnum":0,"pages":[{"type":"patchouli:text","text":"$(9)盔甲強度$()是一種用來降低敵人盔甲穿透效果的數值。$(p)該屬性經常由盔甲物品或盾牌提供。"},{"type":"patchouli:text","text":"每點盔甲強度能將盔甲穿透以及破甲的效果減少 2%，最高可達到 60%。$(p)該功能為《神化》模組獨有的特性。在原版 Minecraft 中，盔甲強度有助於減免傷害。"}]}