{
  "name": "AE電力",
  "icon": "ae2:energy_cell",
  "category": "ae2:concepts",
  "pages": [
    {
      "type": "patchouli:text",
      "text": "這個$(thing)ME 系統$() 使用在 $(thing)AE$() 中測量的獨特形式的能量。$(br2)一些 $(item)外部電源系統$() 可以轉換成 $(thing) AE$()，但此轉換是不可逆轉的。$(br2)可用的 $(item)外部電源系統$() 取決於您的特定整合包設置。"
    },
    {
      "flag": "mod:fabric-api",
      "type": "patchouli:text",
      "title": "Fabric 轉換",
      "text": "Tech Reborn 的“$(thing)能量$()”轉換為 $(thing)AE$()，默認比率為 $(thing)$(bold)2 E = 1 AE$()。"
    },
    {
      "flat": "mod:forge",
      "type": "patchouli:text",
      "title": "Forge 轉換",
      "text": "“$(thing)鍛造能源$()”($(thing)FE$())，有時稱為“$(thing)紅石通量$()”($(thing)RF$())，甚至 一些其他名稱（$(thing)IF$(), $(thing)CF$(), $(thing)µI$() 等），是使用最廣泛的電源系統。 它轉換為 $(thing)AE$()，默認比率為 $(thing)$(bold)2 FE = 1 AE$()。"
    },
    {
      "type": "patchouli:text",
      "title": "轉換方塊",
      "text": "以下機器只為自己直接接受 $(thing)外部電源$()。$(li)$(l:ae2:getting_started/charger)充電器$(/l)$(li)$(l:ae2:getting_started/ inscriber)銘文$(/l)$(li)$(l:ae2:todo)ME 箱子$(/l)$(br2)以下方塊可以接受$(thing)外部電源$()並轉動它 整個網絡的$(thing)AE$()。$(li)$(item)能量受體$()$(li)$(l:ae2:todo)ME 控制器$(/l)"
    },
    {
      "type": "patchouli:crafting",
      "recipe": "ae2:network/blocks/energy_energy_acceptor",
      "recipe2": "ae2:network/parts/energy_acceptor"
    },
    {
      "type": "patchouli:text",
      "title": "能源儲存",
      "text": "$(thing)AE$() 能量存儲在網絡中。 以下方塊增加了可以存儲的能量。$(li)任何 ME 網絡：800 $(thing)AE$()$(li)$(l:ae2:todo)ME 控制器$(/l)：8,000 $(thing)AE$()$(li)$(item)能量電池$(): 20 萬 $(thing)AE$()$(li)$(item)密集能量電池$(): 160 萬 $(thing)AE$()$(br2)一個常見的初學者問題是缺少 $(thing)AE 儲能$()。 如果您遇到電源問題（系統空白或不斷重啟），您應該新增 $(item)能量電池$()。"
    },
    {
      "type": "patchouli:crafting",
      "recipe": "ae2:network/blocks/energy_energy_cell",
      "recipe2": "ae2:network/blocks/energy_dense_energy_cell"
    },
    {
      "type": "patchouli:text",
      "title": "能量轉移",
      "text": "$(thing)AE Power$() 在整個 $(thing)網絡$() 中可用。 它遵循與 $(l:ae2:concepts/channels)頻道$(/l) 相同的連接規則，但有一個例外。$(br2)$(l:ae2:todo)石英纖維$() 是一種多電纜，並能夠阻止 $(thing)頻道$()，但允許 $(thing)AE 能量$() 在 $(thing)網絡$() 之間傳遞的部分。 它對 $(l:ae2:todo)Sub-Networks$().$(br2)$(item)能量電池$() 在損壞時保持充電很有用。"
    },
    {
      "type": "patchouli:text",
      "title": "能源使用",
      "text": "$(thing)AE 能量$() 被網絡用於各種目的，例如...$(li)對於通道必須經過的每個塊（控制器網絡比 Ad-Hoc 網絡更有效）。$(li)具有被動功耗的組件。$(li)具有主動功耗以執行特定任務的組件。$(br2)$(l:ae2:todo)控制器$(/l)或$(l:ae2 :todo)網絡工具$(/l) 可以顯示電量統計數據。"
    },
    {
      "type": "patchouli:crafting",
      "recipe": "ae2:network/blocks/energy_vibration_chamber",
      "text": "如果你沒有可用的$(thing)外部電源系統$()，那麼你可以使用$(item)振動室$()直接使用$(thing)熔爐生成$(thing)AE$() 燃料$()。 在默認設置下，1 $(item)煤炭$() 以 40 $(thing)AE$()/t 的價格生產 8,000 $(thing)AE$()。"
    },
    {
      "type": "patchouli:text",
      "title": "額外備註",
      "text": "值得指出的是，各種 $(thing)HUD 模組$() 僅顯示本地能量存儲數字，並且在 $(l:ae2:getting_started/inscriber)銘文$() 等事物上顯示 0 能量，當它們由 $(thing)網絡$()。 $(item)銘文$() 無論如何都會運作得很好。$(br2)雖然 $(l:ae2:todo)控制器$(/l) 可以接受 $(thing)外部能量$()，但它通常會佔用 一張臉（32 個潛在的 $(thing)頻道$()）所以你通常最好還是使用 $(item)能量受體$() 作為你的輸入。"
    }
  ]
}
