{"name":"附魔圖書館","icon":"apotheosis:library","category":"apotheosis:enchanting/utility","flag":"apotheosis:enchanting","sortnum":1,"pages":[{"type":"patchouli:text","text":"附魔圖書館是用來存放附魔的儲存系統。$(p)只要簡單地放入附魔書，書上的所有附魔便會作為點數儲存進圖書館當中。"},{"type":"patchouli:text","text":"每個圖書館都有一個$(6)等級容量$()，表示其所能儲存的最高附魔等級。$(p)超出容量的附魔將會被銷毀。"},{"type":"patchouli:text","text":"點擊存入的附魔，便能取出該附魔 1 級。$(p)按住 Shift + 點擊存入的附魔，將盡可能地取出多個等級。$(p)書會根據需要生成在輸出欄位上。"},{"type":"patchouli:text","text":"你也可以在輸出欄位上放置一本書來增加附魔。$(p)圖書館會記錄每種附魔，已經存入的最高等級，在取出該附魔時，你最多只能取出到該等級。"},{"type":"patchouli:crafting","recipe":"apotheosis:library","text":"標準的$(9)附魔圖書館$()，具有 16 級（XVI）的$(6)等級容量$()。"},{"type":"patchouli:spotlight","item":"apotheosis:ender_library","link_recipe":true,"text":"$(9)亞歷山大圖書館$()具有 31 級（XXXI）的$(6)等級容量$()。$(p)它無法被直接合成出來，需要在附魔台中進行$(l:apotheosis:enchanting/table/infusion)灌注附魔$()合成。"}]}