{"name":"寶典","icon":"apotheosis:other_tome","category":"apotheosis:enchanting/utility","flag":"apotheosis:enchanting","sortnum":3,"pages":[{"type":"patchouli:text","text":"寶典是一種特殊類型的書籍。$(p)寶典能像書一樣進行附魔，但只能附上特定種類的附魔。$(p)$(l:apotheosis:enchanting/utility/scrapping)拆解寶典$()除外，這本書籍有另外的用途。"},{"type":"patchouli:crafting","recipe":"apotheosis:other_tome","text":"一旦你對寶典進行附魔，它會變成一本附魔書。"},{"type":"patchouli:crafting","recipe":"apotheosis:helmet_tome","recipe2":"apotheosis:chestplate_tome","text":""},{"type":"patchouli:crafting","recipe":"apotheosis:leggings_tome","recipe2":"apotheosis:boots_tome","text":""},{"type":"patchouli:crafting","recipe":"apotheosis:weapon_tome","recipe2":"apotheosis:pickaxe_tome","text":""},{"type":"patchouli:crafting","recipe":"apotheosis:fishing_tome","recipe2":"apotheosis:bow_tome","text":""}]}