{
  "name": "電纜",
  "icon": "ad_astra:desh_cable",
  "sortnum": 4,
  "category": "ad_astra:the_moon",
  "pages": [
    {
      "type": "patchouli:spotlight",
      "title": "纜線",
      "item": "ad_astra:desh_cable",
      "text": "電纜可以進行長距離的能量傳輸。有兩種變體：鋼和戴斯。戴斯版本具有更快的傳輸速度。當與扳手一起使用時，電纜可以被配置為在方向上延伸或與網絡中的節點斷開。"
    },
    {
      "type": "patchouli:crafting",
      "recipe": "ad_astra:recipes/steel_cable",
      "recipe2": "ad_astra:recipes/desh_cable"
    },
    {
      "type": "patchouli:crafting",
      "recipe": "ad_astra:recipes/wrench"
    }
  ]
}