{
  "name": "月球原住民",
  "icon": "ad_astra:moon_stone_bricks",
  "sortnum": 5,
  "category": "ad_astra:the_moon",
  "pages": [
    {
      "type": "patchouli:spotlight",
      "title": "月球原住民",
      "item": "ad_astra:moon_stone_bricks",
      "text": "在月球上，有大型的、有人居住的地下村莊。這些村莊裡有一種地球村民樣貌的外星人，他們自稱為月球人。與地球上的村民不同，月球人不需要氧氣，可以在月球的寒冷環境中生存。"
    },
    {
      "type": "patchouli:entity",
      "entity": "ad_astra:lunarian",
      "default_rotation": 45
    },
    {
      "type": "patchouli:text",
      "text": "月球人有與地球村民不同的職業，以販售外星球特有的材料、太空服和氧氣裝備為特色。"
    },
    {
      "type": "patchouli:spotlight",
      "title": "流浪商人",
      "item": "ad_astra:lunarian_wandering_trader_spawn_egg",
      "text": "月球上的流浪商人出現在月球和一些行星上。他們有許多與火箭有關的交易，可能會救你一命，包括發射台、氧氣、燃料、靈魂火把和水。他們接受綠寶石，這些綠寶石在月球和行星上的各種結構中很常見。"
    },
    {
      "type": "patchouli:entity",
      "name": "流浪商人",
      "entity": "ad_astra:lunarian_wandering_trader",
      "default_rotation": 45,
      "scale": "0.8"
    }
  ]
}