{
  "name": "供氧儀",
  "icon": "ad_astra:oxygen_distributor",
  "sortnum": 2,
  "category": "ad_astra:the_moon",
  "pages": [
    {
      "type": "patchouli:spotlight",
      "title": "供氧儀",
      "item": "ad_astra:oxygen_distributor",
      "text": "供氧儀是一個強大的機器，它能在一個密封的環境中充滿氧氣，使裡面的任何生命體得以生存。它的工作原理跟氧氣裝載機完全一樣，把水倒入水箱，但不是給你氧氣，而是將氧氣釋放到這個密閉的空間。"
    },
    {
      "type": "patchouli:spotlight",
      "title": "水泵",
      "item": "ad_astra:water_pump",
      "text": "水泵是保持供氧儀不斷運作的關鍵。要使用它，請在下面放置一個無限的水源，然後將水泵放在其中一個水方塊上面，再將供氧儀放在它旁邊。請確保水泵和供氧儀有足夠的電力。"
    },
    {
      "type": "patchouli:crafting",
      "title": "供氧儀和水泵",
      "recipe": "ad_astra:recipes/oxygen_distributor",
      "recipe2": "ad_astra:recipes/water_pump"
    },
    {
      "type": "patchouli:text",
      "title": "使用供氧儀",
      "text": "一旦供氧儀擁有了無限的水源、足夠的能量和一個完全密封的空間，它就會在這個房間裡充滿氧氣。要檢查氧氣是否被充滿，請點擊供氧儀GUI中的 \"顯示\"。如果你看到周圍漂浮著氣泡，這意味著該房間充滿了氧氣。"
    },
    {
      "type": "patchouli:text",
      "text": "如果空間的牆上有一個洞，導致氧氣洩漏，供氧儀GUI將出現警告。補好這個洞，以避免不必要的電力消耗和氧氣使用。之後，你應該能夠脫下你的氧氣衣並生存下來。每個供氧儀最多可以支持2000個方塊，使你可以建立一個中等規模的太空站或基地。如果你需要更多的空間，你可以放置更多的供氧儀。"
    },
    {
      "type": "patchouli:text",
      "title": "通風設備",
      "text": "在你的增氧結構內，你應該提供適當的通風，以確保當門關閉時氧氣不會被阻隔。要做到這一點，你可以在牆壁之間創造一個一堵的縫隙，或者創造一個通向供氧儀的空間。"
    }
  ]
}